colonia,alcaldia,casos_totales,longitude,latitude
ALDANA,AZCAPOTZALCO,8,  -99.1499968041,19.4707366167 
ANGEL ZIMBRON,AZCAPOTZALCO,6,  -99.1891178561,19.4677940841 
ARENAL,AZCAPOTZALCO,9,  -99.1520094444,19.4652942835 
CENTRO DE AZCAPOTZALCO,AZCAPOTZALCO,11,  -99.1863123775,19.4811765098 
CLAVERIA,AZCAPOTZALCO,8,  -99.1818671607,19.4660515311 
COLTONGO,AZCAPOTZALCO,8,  -99.1528844589,19.4825341796 
DEL GAS,AZCAPOTZALCO,11,  -99.157822515,19.4703443076 
DEL RECREO,AZCAPOTZALCO,11,  -99.1841919942,19.472777425 
EL ROSARIO A (U HAB),AZCAPOTZALCO,7,  -99.2075383458,19.5109971625 
EL ROSARIO B (U HAB),AZCAPOTZALCO,8,  -99.2014627166,19.5122894348 
EL ROSARIO C (U HAB),AZCAPOTZALCO,20,  -99.2024080944,19.5061582927 
FERRERIA,AZCAPOTZALCO,7,  -99.1745777234,19.5032875621 
HOGAR Y SEGURIDAD/NUEVA SANTA MARIA,AZCAPOTZALCO,8,  -99.1684253459,19.4685750161 
LIBERACION,AZCAPOTZALCO,7,  -99.1523647869,19.4707750701 
OBRERO POPULAR,AZCAPOTZALCO,7,  -99.1746635362,19.4639502989 
PASTEROS,AZCAPOTZALCO,16,  -99.1957966932,19.4944056739 
PLENITUD,AZCAPOTZALCO,9,  -99.1949966011,19.4729183065 
PRADOS DEL ROSARIO,AZCAPOTZALCO,6,  -99.20943293,19.5035717574 
PROVIDENCIA,AZCAPOTZALCO,7,  -99.2117642234,19.4906621044 
REYNOSA TAMAULIPAS,AZCAPOTZALCO,27,  -99.187564161,19.4941511372 
SAN  MIGUEL AMANTLA (PBLO),AZCAPOTZALCO,16,  -99.2041463318,19.4753364825 
SAN ALVARO,AZCAPOTZALCO,12,  -99.1837633342,19.4614788407 
SAN ANDRES (BARR),AZCAPOTZALCO,11,  -99.1802886139,19.4921465056 
SAN ANDRES (PBLO),AZCAPOTZALCO,9,  -99.1841577999,19.4932654985 
SAN JUAN TLIHUACA (PBLO),AZCAPOTZALCO,6,  -99.2045938841,19.48939757 
SAN MARCOS (BARR),AZCAPOTZALCO,12,  -99.1832352016,19.4884891041 
SAN MARTIN XOCHINAHUAC (PBLO),AZCAPOTZALCO,9,  -99.1911745201,19.5030010543 
SAN PABLO 396-CONJ HAB SAN PABLO (U HAB),AZCAPOTZALCO,6,  -99.1856873509,19.5010241784 
SAN PEDRO XALPA (PBLO),AZCAPOTZALCO,6,  -99.2098621504,19.4840383721 
SAN SEBASTIAN,AZCAPOTZALCO,12,  -99.1772035619,19.4805914 
SANTA BARBARA (PBLO),AZCAPOTZALCO,11,  -99.1788833818,19.4998774489 
SANTA MARIA MALINALCO (PBLO),AZCAPOTZALCO,12,  -99.1819027464,19.4781258231 
SANTIAGO AHUIZOTLA (PBLO),AZCAPOTZALCO,15,  -99.210669583,19.476881606 
SANTO TOMAS,AZCAPOTZALCO,12,  -99.177047766,19.4858838616 
TEZOZOMOC,AZCAPOTZALCO,19,  -99.1981532439,19.489479925 
TLATILCO,AZCAPOTZALCO,6,  -99.162529277,19.4611990757 
TRABAJADORES DEL HIERRO,AZCAPOTZALCO,12,  -99.1510764372,19.4783717534 
SAN PEDRO XALPA (AMPL) I,AZCAPOTZALCO,20,  -99.2163596006,19.4806755242 
PRO HOGAR I,AZCAPOTZALCO,6,  -99.1504313587,19.4750721185 
PRO HOGAR II,AZCAPOTZALCO,24,  -99.1559695345,19.4763536374 
AMPLIACION CANDELARIA,COYOACAN,10,  -99.1500596134,19.328214086 
AVANTE,COYOACAN,11,  -99.1346491977,19.3282199085 
CAFETALES I (RDCIAL),COYOACAN,6,  -99.1096016534,19.3130310039 
CAMPESTRE CHURUBUSCO,COYOACAN,7,  -99.1358655439,19.3454092595 
CARMEN SERDAN,COYOACAN,10,  -99.108305878,19.3197115876 
CTM V CULHUACAN (U HAB),COYOACAN,17,  -99.1134928561,19.3309863021 
CTM VI CULHUACAN (U HAB),COYOACAN,14,  -99.1179312347,19.323535271 
CTM VII CULHUACAN (U HAB),COYOACAN,14,  -99.1088011674,19.324889164 
CTM VIII CULHUACAN (U HAB),COYOACAN,13,  -99.1029308537,19.3161921597 
DE LA CANDELARIA (PBLO),COYOACAN,7,  -99.1490773948,19.3314227506 
DEL CARMEN,COYOACAN,16,  -99.163808041,19.3541145678 
EDUCACION,COYOACAN,12,  -99.1335345854,19.3362137705 
EMILIANO ZAPATA (U HAB),COYOACAN,6,  -99.1103504105,19.317543698 
HERMOSILLO,COYOACAN,7,  -99.1285180895,19.3477290785 
LA MAGDALENA CULHUACAN (BARR),COYOACAN,14,  -99.1187266027,19.3421501931 
LOS REYES (PBLO),COYOACAN,26,  -99.1553487557,19.3361455883 
PILOTO CULHUACAN (U HAB),COYOACAN,6,  -99.1117966617,19.3222913755 
SAN FRANCISCO CULHUACAN (PBLO),COYOACAN,15,  -99.1182479778,19.3355619401 
AMPLIACION SAN FRANCISCO CULHUACAN (EJ),COYOACAN,6,  -99.1257074664,19.335301831 
SAN PABLO TEPETLAPA (PBLO),COYOACAN,9,  -99.1423243912,19.3234555103 
SANTA CATARINA (BARR),COYOACAN,6,  -99.173563485,19.348314886 
SANTA URSULA COAPA (PBLO),COYOACAN,13,  -99.1443953788,19.3096947128 
STUNAM CULHUACAN (U HAB),COYOACAN,7,  -99.1022490653,19.3211662806 
VIEJO EJIDO SANTA URSULA COAPA,COYOACAN,13,  -99.1418620636,19.3044537189 
VILLA COYOACAN,COYOACAN,7,  -99.163099317,19.3473603624 
ADOLFO RUIZ CORTINES I,COYOACAN,16,  -99.1473929726,19.3209669132 
ADOLFO RUIZ CORTINES II,COYOACAN,14,  -99.1550720386,19.31784374 
AJUSCO I,COYOACAN,21,  -99.1561602234,19.324571116 
AJUSCO II,COYOACAN,19,  -99.1612606994,19.3201562929 
AJUSCO III,COYOACAN,12,  -99.164834516,19.3136401103 
ALIANZA POPULAR REVOLUCIONARIA NORTE (U HAB),COYOACAN,10,  -99.1204122575,19.3190886855 
PASEOS DE TAXQUEA II,COYOACAN,6,  -99.1258788208,19.3423866583 
PEDREGAL DE SANTA URSULA I,COYOACAN,24,  -99.1477954505,19.314862237 
PEDREGAL DE SANTA URSULA II,COYOACAN,12,  -99.1501731178,19.3084566595 
PEDREGAL DE SANTA URSULA III,COYOACAN,29,  -99.1567192569,19.309400876 
PEDREGAL DE SANTA URSULA IV,COYOACAN,33,  -99.1565743061,19.3135568222 
PEDREGAL DE STO DOMINGO I,COYOACAN,12,  -99.1707739223,19.3347576651 
PEDREGAL DE STO DOMINGO II,COYOACAN,23,  -99.1615851002,19.3335417377 
PEDREGAL DE STO DOMINGO III,COYOACAN,16,  -99.1642525825,19.3314325978 
PEDREGAL DE STO DOMINGO IV,COYOACAN,31,  -99.1666853021,19.328764804 
PEDREGAL DE STO DOMINGO V,COYOACAN,25,  -99.1670118328,19.3255676419 
PEDREGAL DE STO DOMINGO VI,COYOACAN,12,  -99.1654676133,19.3234027183 
PEDREGAL DE STO DOMINGO VII,COYOACAN,12,  -99.1695060286,19.3184272478 
PEDREGAL DE STO DOMINGO VIII,COYOACAN,10,  -99.171712257,19.3232871242 
PEDREGAL DE STO DOMINGO IX,COYOACAN,19,  -99.171667851,19.3298486826 
ALIANZA POPULAR REVOLUCIONARIA ORIENTE (U HAB),COYOACAN,13,  -99.1170744341,19.3141216711 
LOMA DEL PADRE,CUAJIMALPA DE MORELOS,6,  -99.313967117,19.3432048429 
LOMAS DE MEMETLA,CUAJIMALPA DE MORELOS,9,  -99.2879629485,19.3567439251 
NAVIDAD (GRANJAS DE NAVIDAD),CUAJIMALPA DE MORELOS,25,  -99.2853145838,19.3739988605 
SAN LORENZO ACOPILCO (PBLO),CUAJIMALPA DE MORELOS,27,  -99.3246233397,19.3329995915 
SAN MATEO TLALTENANGO (PBLO),CUAJIMALPA DE MORELOS,33,  -99.2877386872,19.3369214855 
SAN PABLO CHIMALPA (PBLO),CUAJIMALPA DE MORELOS,6,  -99.321227559,19.3508879239 
SAN PEDRO CUAJIMALPA (PBLO),CUAJIMALPA DE MORELOS,17,  -99.2986516771,19.3566633045 
SAN JOSE DE LOS CEDROS I,CUAJIMALPA DE MORELOS,17,  -99.2901304776,19.3674996167 
SAN JOSE DE LOS CEDROS II,CUAJIMALPA DE MORELOS,12,  -99.2880835788,19.3657495863 
ACUEDUCTO DE GUADALUPE (U HAB),GUSTAVO A. MADERO,8,  -99.151136622,19.5271660235 
AHUEHUETES,GUSTAVO A. MADERO,6,  -99.1313543451,19.5459584432 
ARAGON INGUARAN,GUSTAVO A. MADERO,6,  -99.1074788222,19.4707239695 
ARAGON LA VILLA (ARAGON),GUSTAVO A. MADERO,18,  -99.1139779988,19.4794876647 
ARBOLEDAS DE CUAUTEPEC,GUSTAVO A. MADERO,6,  -99.1191891866,19.5626711945 
BENITO JUAREZ,GUSTAVO A. MADERO,11,  -99.1394107345,19.5324603854 
BONDOJITO,GUSTAVO A. MADERO,7,  -99.1110468072,19.4669013795 
C T M ARAGON (U),GUSTAVO A. MADERO,7,  -99.0560709204,19.4526847398 
CAMINO A SAN JUAN DE ARAGON (PBLO),GUSTAVO A. MADERO,14,  -99.0885162549,19.4677286142 
CAPULTITLAN,GUSTAVO A. MADERO,10,  -99.1336512931,19.4783660751 
CASTILLO CHICO,GUSTAVO A. MADERO,6,  -99.1358247041,19.5406295875 
CERRO PRIETO,GUSTAVO A. MADERO,8,  -99.0982123664,19.4527389912 
COCOYOTES,GUSTAVO A. MADERO,7,  -99.1307840813,19.5483118629 
COMPOSITORES MEXICANOS,GUSTAVO A. MADERO,13,  -99.141880856,19.5666830899 
CONSTITUCION DE LA REPUBLICA,GUSTAVO A. MADERO,13,  -99.1008831973,19.4834013346 
CTM ATZACOALCO (U HAB),GUSTAVO A. MADERO,12,  -99.1005610308,19.5080784984 
CTM EL RISCO (U HAB),GUSTAVO A. MADERO,12,  -99.0960012649,19.5094365342 
CUAUTEPEC DE MADERO,GUSTAVO A. MADERO,30,  -99.1387289006,19.5455103 
CUAUTEPEC EL ALTO (PBLO),GUSTAVO A. MADERO,17,  -99.1341154844,19.5570904648 
CUCHILLA DEL TESORO,GUSTAVO A. MADERO,31,  -99.0582996553,19.4482466932 
DEFENSORES DE LA REPUBLICA,GUSTAVO A. MADERO,17,  -99.142585619,19.4751269126 
DEL BOSQUE,GUSTAVO A. MADERO,13,  -99.1430748466,19.544807773 
EDUARDO MOLINA I (U HAB),GUSTAVO A. MADERO,7,  -99.0905886085,19.4836235665 
EL ARBOLILLO,GUSTAVO A. MADERO,6,  -99.1410909279,19.5362003777 
EL ARBOLILLO 1 (U HAB),GUSTAVO A. MADERO,10,  -99.1480478267,19.5299595267 
EL CARMEN,GUSTAVO A. MADERO,17,  -99.1323042107,19.5424165354 
EMILIANO ZAPATA,GUSTAVO A. MADERO,6,  -99.1179257952,19.4614825913 
ESTRELLA,GUSTAVO A. MADERO,21,  -99.1165373137,19.4749871497 
GABRIEL HERNANDEZ,GUSTAVO A. MADERO,11,  -99.1043371268,19.498571569 
GENERAL FELIPE BERRIOZABAL,GUSTAVO A. MADERO,6,  -99.1283190832,19.555215776 
GERTRUDIS SANCHEZ 1A SECCION,GUSTAVO A. MADERO,7,  -99.1040600471,19.4692984566 
GERTRUDIS SANCHEZ 2A SECCION,GUSTAVO A. MADERO,9,  -99.0994156082,19.4661163616 
GERTRUDIS SANCHEZ 3A SECCION,GUSTAVO A. MADERO,12,  -99.1013573829,19.4610165557 
GUADALUPE PROLETARIA,GUSTAVO A. MADERO,7,  -99.1557339411,19.5217519787 
GUADALUPE TEPEYAC,GUSTAVO A. MADERO,15,  -99.1203028744,19.4680677606 
HEROE DE NACOZARI,GUSTAVO A. MADERO,6,  -99.1436357218,19.4712419788 
JORGE NEGRETE,GUSTAVO A. MADERO,6,  -99.1432502723,19.5263550421 
JUAN GONZALEZ ROMERO,GUSTAVO A. MADERO,10,  -99.0898230504,19.5055725661 
LA CANDELARIA TICOMAN (BARR),GUSTAVO A. MADERO,6,  -99.1366634844,19.5211733968 
LA CASILDA,GUSTAVO A. MADERO,6,  -99.1228214553,19.5552377202 
LA FORESTAL,GUSTAVO A. MADERO,16,  -99.1312233106,19.5628839926 
LA FORESTAL 2,GUSTAVO A. MADERO,7,  -99.1256859396,19.5687146714 
LA JOYA,GUSTAVO A. MADERO,13,  -99.1088045338,19.4570227241 
LA LAGUNA TICOMAN (BARR),GUSTAVO A. MADERO,8,  -99.1295965159,19.51287742 
LA PASTORA,GUSTAVO A. MADERO,20,  -99.1357630076,19.5276450764 
LA PATERA-CONDOMODULOS (U HAB),GUSTAVO A. MADERO,9,  -99.1532607566,19.5032618872 
LA PRADERA,GUSTAVO A. MADERO,7,  -99.0663427698,19.4760002738 
LA PURISIMA TICOMAN (BARR),GUSTAVO A. MADERO,11,  -99.1371192044,19.513327401 
LINDAVISTA VALLEJO (U HAB),GUSTAVO A. MADERO,9,  -99.1493736236,19.4958609398 
LOMA DE LA PALMA,GUSTAVO A. MADERO,18,  -99.1447522594,19.5511569263 
LOMAS DE CUAUTEPEC,GUSTAVO A. MADERO,20,  -99.1379577124,19.570901803 
MAGDALENA DE LAS SALINAS,GUSTAVO A. MADERO,7,  -99.1380820042,19.4827766058 
MALACATES,GUSTAVO A. MADERO,6,  -99.1347365738,19.574838282 
MARTIRES DE RIO BLANCO,GUSTAVO A. MADERO,15,  -99.1137048528,19.4600864209 
NARCISO BASSOLS (U HAB),GUSTAVO A. MADERO,15,  -99.0568871261,19.4561487814 
NUEVA TENOCHTITLAN,GUSTAVO A. MADERO,13,  -99.1034317326,19.4564100284 
NUEVA VALLEJO,GUSTAVO A. MADERO,25,  -99.1498625821,19.4910226456 
PALMATITLA,GUSTAVO A. MADERO,16,  -99.1325674134,19.5519496714 
PANAMERICANA,GUSTAVO A. MADERO,15,  -99.1432588885,19.4795689226 
PLAZA ORIENTE (RDCIAL),GUSTAVO A. MADERO,6,  -99.0930199368,19.4851754481 
PROGRESO NACIONAL (AMPL),GUSTAVO A. MADERO,15,  -99.1596420642,19.5160246263 
PROVIDENCIA (AMPL),GUSTAVO A. MADERO,13,  -99.0700009184,19.4785870655 
RESIDENCIAL ZACATENCO,GUSTAVO A. MADERO,13,  -99.1232946574,19.5013047233 
SAN BARTOLO ATEPEHUACAN (PBLO),GUSTAVO A. MADERO,14,  -99.1433646477,19.4935968042 
SAN JUAN DE ARAGON (PBLO),GUSTAVO A. MADERO,20,  -99.0833866338,19.4691610894 
SAN JUAN Y GUADALUPE TICOMAN (BARR),GUSTAVO A. MADERO,10,  -99.1297026043,19.5210760958 
SAN PEDRO ZACATENCO (PBLO),GUSTAVO A. MADERO,10,  -99.117573441,19.5069767478 
SANTA ISABEL TOLA (PBLO),GUSTAVO A. MADERO,10,  -99.1142315413,19.497917649 
SANTA ROSA,GUSTAVO A. MADERO,7,  -99.168978527,19.5234517826 
SANTIAGO ATZACOALCO (PBLO),GUSTAVO A. MADERO,8,  -99.0967828846,19.4970021695 
TABLAS DE SAN AGUSTIN,GUSTAVO A. MADERO,13,  -99.1127633242,19.4644279897 
TEPEYAC INSURGENTES,GUSTAVO A. MADERO,20,  -99.1218827414,19.4843024643 
TLACAELEL,GUSTAVO A. MADERO,11,  -99.1441062375,19.5577777751 
TLALPEXCO,GUSTAVO A. MADERO,13,  -99.1260004578,19.5462012579 
TORRES DE QUIROGA (U HAB),GUSTAVO A. MADERO,14,  -99.0957132813,19.4909682357 
TRIUNFO DE LA REPUBLICA,GUSTAVO A. MADERO,8,  -99.1097111581,19.4916610267 
VALLE DE MADERO,GUSTAVO A. MADERO,14,  -99.1387514458,19.5503267285 
VASCO DE QUIROGA,GUSTAVO A. MADERO,21,  -99.093929805,19.4946542586 
VILLA GUSTAVO A MADERO,GUSTAVO A. MADERO,17,  -99.1136012969,19.4838855728 
15 DE AGOSTO,GUSTAVO A. MADERO,11,  -99.1079568789,19.4845740403 
25 DE JULIO,GUSTAVO A. MADERO,12,  -99.0809760294,19.4960116394 
6 DE JUNIO,GUSTAVO A. MADERO,8,  -99.1258656187,19.5506082067 
CAMPESTRE ARAGON I,GUSTAVO A. MADERO,8,  -99.0786041614,19.4878964569 
CAMPESTRE ARAGON II,GUSTAVO A. MADERO,10,  -99.0806946805,19.4830247253 
CASAS ALEMAN (AMPL) I,GUSTAVO A. MADERO,10,  -99.0814302572,19.4771468066 
CASAS ALEMAN (AMPL) II,GUSTAVO A. MADERO,11,  -99.0873744277,19.4788038645 
CHALMA DE GUADALUPE I,GUSTAVO A. MADERO,11,  -99.1524675781,19.5568422715 
GABRIEL HERNANDEZ (AMPL) I,GUSTAVO A. MADERO,11,  -99.0976794122,19.5033996519 
GABRIEL HERNANDEZ (AMPL) II,GUSTAVO A. MADERO,17,  -99.1040658755,19.5060559589 
INDUSTRIAL I,GUSTAVO A. MADERO,15,  -99.1240192961,19.4737732535 
INDUSTRIAL II,GUSTAVO A. MADERO,21,  -99.1281743415,19.4751417642 
LINDAVISTA I,GUSTAVO A. MADERO,11,  -99.1316707528,19.4899449462 
LINDAVISTA II,GUSTAVO A. MADERO,6,  -99.1358145927,19.4999583159 
MARTIN CARRERA I,GUSTAVO A. MADERO,14,  -99.1081201724,19.4869805433 
MARTIN CARRERA II,GUSTAVO A. MADERO,11,  -99.105754998,19.4898233495 
NUEVA ATZACOALCO I,GUSTAVO A. MADERO,23,  -99.0829346065,19.5031404862 
NUEVA ATZACOALCO II,GUSTAVO A. MADERO,24,  -99.0860029094,19.4990841913 
NUEVA ATZACOALCO III,GUSTAVO A. MADERO,23,  -99.0893699551,19.4933070974 
PROGRESO NACIONAL I,GUSTAVO A. MADERO,11,  -99.1613274589,19.5205683242 
PROGRESO NACIONAL II,GUSTAVO A. MADERO,17,  -99.1515697765,19.517889723 
PROVIDENCIA I,GUSTAVO A. MADERO,10,  -99.0730740448,19.481739486 
PROVIDENCIA III,GUSTAVO A. MADERO,6,  -99.0720145789,19.4865865613 
SAN FELIPE DE JESUS II,GUSTAVO A. MADERO,14,  -99.0783023511,19.4917077798 
SAN FELIPE DE JESUS III,GUSTAVO A. MADERO,18,  -99.0766115919,19.498990362 
SAN FELIPE DE JESUS IV,GUSTAVO A. MADERO,20,  -99.0713835197,19.4939626792 
SAN JUAN DE ARAGON 1A SECCION (U HAB) I,GUSTAVO A. MADERO,9,  -99.0928433502,19.4560218036 
SAN JUAN DE ARAGON 1A SECCION (U HAB) II,GUSTAVO A. MADERO,8,  -99.0923706981,19.4623856599 
SAN JUAN DE ARAGON 2A SECCION (U HAB) I,GUSTAVO A. MADERO,15,  -99.0866516725,19.4510318992 
SAN JUAN DE ARAGON 2A SECCION (U HAB) II,GUSTAVO A. MADERO,9,  -99.0848142063,19.4567025904 
SAN JUAN DE ARAGON 4A  Y 5A SECCION (U HAB) I,GUSTAVO A. MADERO,6,  -99.0640834441,19.4511673584 
VALLEJO I,GUSTAVO A. MADERO,13,  -99.1352696922,19.4678259013 
VALLEJO II,GUSTAVO A. MADERO,14,  -99.1282828038,19.4654691589 
ZONA ESCOLAR II,GUSTAVO A. MADERO,6,  -99.147497208,19.541645865 
AMPLIACION RAMOS MILLAN,IZTACALCO,8,  -99.0967097977,19.3872730713 
CARLOS ZAPATA VELA,IZTACALCO,10,  -99.0974987038,19.3825331463 
CUCHILLA RAMOS MILLAN,IZTACALCO,6,  -99.0920343133,19.3875231918 
EL RODEO,IZTACALCO,8,  -99.0853362419,19.3934358221 
GABRIEL RAMOS MILLAN,IZTACALCO,9,  -99.1017491985,19.3930730192 
LA CRUZ,IZTACALCO,10,  -99.1163623069,19.4038142186 
MILITAR MARTE,IZTACALCO,7,  -99.1286365114,19.3810242212 
MOSCO CHINAMPA,IZTACALCO,10,  -99.1003711,19.3892461547 
PICOS IZTACALCO 1-A,IZTACALCO,7,  -99.1146413565,19.38929866 
SAN MIGUEL,IZTACALCO,9,  -99.1174169059,19.391971818 
SAN PEDRO IZTACALCO,IZTACALCO,14,  -99.1292771199,19.3941969308 
SANTA ANITA,IZTACALCO,24,  -99.1208642651,19.4011782809 
SANTIAGO SUR,IZTACALCO,29,  -99.1255247632,19.3877008951 
TLACOTAL RAMOS MILLAN,IZTACALCO,11,  -99.1066778688,19.3955069034 
TLAZINTLA,IZTACALCO,6,  -99.1117999834,19.396203998 
VIADUCTO PIEDAD,IZTACALCO,22,  -99.1311554387,19.4012229882 
ZAPOTLA,IZTACALCO,8,  -99.1212826059,19.3954182244 
AGRICOLA ORIENTAL I,IZTACALCO,27,  -99.077296377,19.4018202822 
AGRICOLA ORIENTAL II,IZTACALCO,16,  -99.0768078539,19.3959920928 
AGRICOLA ORIENTAL III,IZTACALCO,13,  -99.0758818891,19.3904759103 
AGRICOLA ORIENTAL IV,IZTACALCO,15,  -99.0680304942,19.4003324543 
AGRICOLA ORIENTAL V,IZTACALCO,20,  -99.0693355144,19.3945154464 
AGRICOLA ORIENTAL VI,IZTACALCO,25,  -99.0623951562,19.3954613043 
AGRICOLA ORIENTAL VII,IZTACALCO,17,  -99.0679673232,19.3878621558 
AGRICOLA ORIENTAL VIII,IZTACALCO,15,  -99.062623213,19.3875438857 
CAMPAMENTO 2 DE OCTUBRE I,IZTACALCO,10,  -99.1139142823,19.3847089329 
CAMPAMENTO 2 DE OCTUBRE II,IZTACALCO,20,  -99.1196996384,19.3847324113 
GRANJAS MEXICO I,IZTACALCO,19,  -99.1050591862,19.4024890651 
GRANJAS MEXICO II,IZTACALCO,10,  -99.0903769668,19.4019151229 
INFONAVIT IZTACALCO (U HAB) I,IZTACALCO,11,  -99.1064197736,19.3854482486 
INFONAVIT IZTACALCO (U HAB) II,IZTACALCO,9,  -99.1060694189,19.3824257348 
JUVENTINO ROSAS I,IZTACALCO,9,  -99.1106746352,19.392437819 
JUVENTINO ROSAS II,IZTACALCO,17,  -99.1062053349,19.3911075139 
PANTITLAN I,IZTACALCO,19,  -99.0662989506,19.4169642758 
PANTITLAN II,IZTACALCO,8,  -99.0594924558,19.4168692206 
PANTITLAN IV,IZTACALCO,15,  -99.0658028711,19.4077731753 
PANTITLAN V,IZTACALCO,14,  -99.0603053018,19.4061588528 
RAMOS MILLAN BRAMADERO I,IZTACALCO,22,  -99.0970145692,19.3931540569 
RAMOS MILLAN BRAMADERO II,IZTACALCO,10,  -99.0925435258,19.3923892858 
APATLACO,IZTAPALAPA,15,  -99.1160378015,19.3802272271 
CAMPESTRE POTRERO,IZTAPALAPA,24,  -98.9782838499,19.3300361384 
CARLOS HANK GONZALEZ,IZTAPALAPA,7,  -99.0474705307,19.3316358615 
CASA BLANCA,IZTAPALAPA,6,  -99.0674332056,19.3322535896 
CITLALLI,IZTAPALAPA,15,  -99.0228799803,19.3406263956 
DEGOLLADO,IZTAPALAPA,9,  -99.0423845272,19.3193415272 
EJTO CONSTITUCIONALISTA,IZTAPALAPA,25,  -99.0483523033,19.3823731062 
EJTO CONSTITUCIONALISTA II ( U HAB),IZTAPALAPA,7,  -99.0435802717,19.385771188 
"EJTO CONSTITUCIONALISTA, SUPERMANZANA II ( U HAB)",IZTAPALAPA,7,  -99.0567783565,19.386478461 
"EJTO CONSTITUCIONALISTA, SUPERMANZANA III (U HAB)",IZTAPALAPA,8,  -99.0529935808,19.3822715829 
EL MANTO,IZTAPALAPA,20,  -99.0824855308,19.3494810302 
EL MANTO PLAN DE IGUALA,IZTAPALAPA,7,  -99.0851869079,19.353060352 
EL MOLINO,IZTAPALAPA,9,  -99.0683937678,19.2976994709 
EL ROSARIO,IZTAPALAPA,9,  -99.065523517,19.3017816802 
EL SANTUARIO,IZTAPALAPA,9,  -99.0928423363,19.3546652532 
EL SANTUARIO (AMPL),IZTAPALAPA,7,  -99.0896660806,19.3425019166 
EL TRIUNFO (AMPL),IZTAPALAPA,6,  -99.1163292593,19.3762465465 
EL VERGEL,IZTAPALAPA,8,  -99.0809707518,19.3170274024 
EMILIANO ZAPATA (AMPL),IZTAPALAPA,14,  -98.9771221812,19.3369686806 
ESCUADRON 201,IZTAPALAPA,9,  -99.1122664972,19.3635962256 
ESTRELLA DEL SUR,IZTAPALAPA,17,  -99.0985510142,19.3487669662 
FRANCISCO VILLA,IZTAPALAPA,7,  -99.0592465929,19.3371663338 
FUEGO NUEVO,IZTAPALAPA,17,  -99.099003631,19.332680198 
GRANJAS ESTRELLA I,IZTAPALAPA,16,  -99.0878921604,19.324329811 
GRANJAS SAN ANTONIO,IZTAPALAPA,9,  -99.1071949508,19.3635725401 
GUADALUPE DEL MORAL,IZTAPALAPA,19,  -99.0755961311,19.3698702057 
HEROES DE CHURUBUSCO,IZTAPALAPA,8,  -99.1181873325,19.3611648792 
INSURGENTES,IZTAPALAPA,17,  -99.0535903135,19.3311127258 
IXTLAHUACAN,IZTAPALAPA,13,  -98.998443331,19.3441975918 
JACARANDAS,IZTAPALAPA,25,  -99.0517558727,19.3462774489 
JARDINES DE SAN LORENZO,IZTAPALAPA,16,  -99.073882538,19.2953561654 
LA ERA,IZTAPALAPA,11,  -99.0546620929,19.3397206516 
LA PLANTA,IZTAPALAPA,6,  -99.0638770839,19.2942504506 
LAS PEAS I,IZTAPALAPA,7,  -99.0509843061,19.3356493615 
LEYES DE REFORMA 1A SECCION,IZTAPALAPA,14,  -99.0710524141,19.3610979639 
LEYES DE REFORMA 2A SECCION,IZTAPALAPA,10,  -99.0631958507,19.36835084 
LOMAS DE SANTA CRUZ MEYEHUALCO,IZTAPALAPA,8,  -99.0354584013,19.3316923724 
LOMAS DE ZARAGOZA,IZTAPALAPA,12,  -98.9974302415,19.3535505274 
LOS ANGELES,IZTAPALAPA,17,  -99.0691282152,19.345354017 
LOS ANGELES APANOAYA,IZTAPALAPA,8,  -99.0608526721,19.3413979302 
LOS REYES (AMPL),IZTAPALAPA,12,  -99.1005985073,19.3443603996 
LOS REYES (PBLO),IZTAPALAPA,9,  -99.109521052,19.3457549503 
MAGDALENA ATLAZOLPA (PBLO),IZTAPALAPA,7,  -99.1109499047,19.3758667621 
MIRASOLES (U HAB),IZTAPALAPA,24,  -99.0756097824,19.3135597267 
MIRAVALLE,IZTAPALAPA,8,  -98.9958497843,19.3314816242 
PALMITAS,IZTAPALAPA,12,  -99.0261343678,19.3348864803 
PARAISO,IZTAPALAPA,11,  -99.0314237577,19.377588659 
PARAJE SAN JUAN,IZTAPALAPA,22,  -99.0719968642,19.341803016 
PARAJE ZACATEPEC,IZTAPALAPA,9,  -99.0184521787,19.35503055 
PASEOS DE CHURUBUSCO,IZTAPALAPA,13,  -99.0869061508,19.3807295802 
PREDIO DEGOLLADO,IZTAPALAPA,11,  -99.0403198007,19.3176663026 
PRESIDENTES DE MEXICO,IZTAPALAPA,21,  -99.0610657848,19.3323384547 
PROGRESISTA,IZTAPALAPA,10,  -99.0677555447,19.3565390093 
PUENTE BLANCO,IZTAPALAPA,19,  -99.0647173163,19.3276263758 
PURISIMA ATLAZOLPA,IZTAPALAPA,7,  -99.1085737787,19.3800861297 
RENOVACION,IZTAPALAPA,15,  -99.0494396604,19.3673888642 
SAN ANDRES TETEPILCO (PBLO),IZTAPALAPA,12,  -99.1316067715,19.3710489509 
SAN ANDRES TOMATLAN (PBLO),IZTAPALAPA,7,  -99.1051379194,19.3284474037 
SAN ANTONIO (BARR),IZTAPALAPA,28,  -99.0732105543,19.3058732472 
SAN IGNACIO (BARR),IZTAPALAPA,10,  -99.0962926077,19.3648228406 
SAN LORENZO TEZONCO (BARR),IZTAPALAPA,6,  -99.0691937166,19.3037395367 
SAN LORENZO TEZONCO (PBLO),IZTAPALAPA,18,  -99.0629518882,19.3107345224 
SAN LUCAS (BARR),IZTAPALAPA,21,  -99.0963979802,19.3591451283 
SAN MIGUEL (BARR),IZTAPALAPA,25,  -99.0783200561,19.3580064908 
SAN NICOLAS TOLENTINO II,IZTAPALAPA,13,  -99.0866038961,19.3285912353 
"SAN PABLO I, II Y V-LOMAS DEL PARAISO",IZTAPALAPA,6,  -99.0064400421,19.3293910047 
SAN SIMON CULHUACAN (BARR),IZTAPALAPA,11,  -99.1059324728,19.3344868101 
SANTA BARBARA (BARR) I,IZTAPALAPA,13,  -99.1028282821,19.3597012736 
SANTA CRUZ MEYEHUALCO (PBLO),IZTAPALAPA,20,  -99.0407415134,19.3400600728 
SANTA MARIA TOMATLAN (PBLO),IZTAPALAPA,7,  -99.1007818497,19.3243868889 
SANTA MARTHA ACATITLA SUR (AMPL),IZTAPALAPA,6,  -99.0211897528,19.3643572184 
SANTA MARTHA ACATITLA_(PBLO),IZTAPALAPA,10,  -99.0083584195,19.3594191216 
SANTIAGO ACAHUALTEPEC (PBLO),IZTAPALAPA,9,  -99.0031021897,19.3543297132 
SECTOR POPULAR,IZTAPALAPA,6,  -99.1176978996,19.366609236 
SOLIDARIDAD EL SALADO (U HAB),IZTAPALAPA,6,  -99.0066818696,19.3727681678 
STA MA AZTAHUACAN (PBLO),IZTAPALAPA,8,  -99.0236180584,19.3507534349 
TENORIOS,IZTAPALAPA,13,  -99.02154729,19.3315376788 
VALLE DE LUCES I,IZTAPALAPA,12,  -99.0981583347,19.3392919976 
VICENTE GUERRERO SUPER MANZANA 5 (U HAB),IZTAPALAPA,16,  -99.0514358704,19.3549321458 
VICENTE GUERRERO SUPER MANZANA 6 (U HAB),IZTAPALAPA,14,  -99.0563656019,19.3557690158 
1A AMPLIACION SANTIAGO ACAHUALTEPEC,IZTAPALAPA,6,  -99.0080836002,19.3522227188 
BUENAVISTA I,IZTAPALAPA,13,  -99.0301547902,19.3309240318 
BUENAVISTA II,IZTAPALAPA,10,  -99.0294003392,19.326727807 
CERRO DE LA ESTRELLA I,IZTAPALAPA,25,  -99.0783511476,19.3255243254 
CERRO DE LA ESTRELLA II,IZTAPALAPA,12,  -99.0773979656,19.3216207665 
CHINAMPAC DE JUAREZ II,IZTAPALAPA,21,  -99.0464122469,19.3736253381 
CONSEJO AGRARISTA MEXICANO I,IZTAPALAPA,38,  -99.0582392759,19.3238641381 
CONSEJO AGRARISTA MEXICANO II,IZTAPALAPA,12,  -99.054576823,19.3271003748 
CONSTITUCION DE 1917 I,IZTAPALAPA,14,  -99.0642489103,19.349580518 
DESARROLLO URBANO QUETZALCOATL  I,IZTAPALAPA,12,  -99.0403002135,19.3330659428 
DESARROLLO URBANO QUETZALCOATL  II,IZTAPALAPA,30,  -99.0432385251,19.3285589831 
DESARROLLO URBANO QUETZALCOATL  III,IZTAPALAPA,23,  -99.0402437971,19.3230263857 
EJERCITO DE ORIENTE (U HAB) I,IZTAPALAPA,7,  -99.0260488464,19.3692777627 
EJERCITO DE ORIENTE (U HAB) II,IZTAPALAPA,10,  -99.0296843298,19.3682845659 
ERMITA ZARAGOZA (U HAB) I,IZTAPALAPA,7,  -98.9980229328,19.3624476804 
ERMITA ZARAGOZA (U HAB) II,IZTAPALAPA,15,  -98.9969671911,19.3670087102 
JOSE LOPEZ PORTILLO I,IZTAPALAPA,25,  -99.0832300954,19.303833389 
JOSE LOPEZ PORTILLO II,IZTAPALAPA,13,  -99.0804167633,19.3081249002 
JUAN ESCUTIA I,IZTAPALAPA,12,  -99.0506636432,19.3955261824 
JUAN ESCUTIA II,IZTAPALAPA,11,  -99.0397955784,19.3900376409 
LEYES DE REFORMA 3A SECCION I,IZTAPALAPA,21,  -99.0686186477,19.3805144875 
LEYES DE REFORMA 3A SECCION II,IZTAPALAPA,15,  -99.0701767186,19.3756780943 
LOMAS DE SAN LORENZO I,IZTAPALAPA,31,  -99.057708382,19.3158775442 
LOMAS DE SAN LORENZO II,IZTAPALAPA,28,  -99.0671739519,19.3207558072 
LOMAS ESTRELLA 2A SECC I,IZTAPALAPA,18,  -99.0881758514,19.3174526548 
LOMAS ESTRELLA 2A SECC II,IZTAPALAPA,8,  -99.0936479434,19.3170675936 
REFORMA POLITICA II,IZTAPALAPA,13,  -99.0325075315,19.3392967272 
SAN JUAN XALPA I,IZTAPALAPA,26,  -99.0834568076,19.3374203844 
SAN JUAN XALPA II,IZTAPALAPA,25,  -99.0806408261,19.3341736263 
SAN MIGUEL TEOTONGO I,IZTAPALAPA,6,  -98.9913047291,19.3510686092 
SAN MIGUEL TEOTONGO II,IZTAPALAPA,32,  -98.9886713112,19.3455275511 
SAN MIGUEL TEOTONGO III,IZTAPALAPA,8,  -98.9873101881,19.3410332116 
SAN MIGUEL TEOTONGO IV,IZTAPALAPA,8,  -98.9880666033,19.333890511 
SANTA CRUZ MEYEHUALCO (U HAB) I,IZTAPALAPA,9,  -99.0390117031,19.3460514034 
SANTA CRUZ MEYEHUALCO (U HAB) II,IZTAPALAPA,16,  -99.0452254369,19.3530622224 
SANTA MARIA AZTAHUACAN (EJ) I,IZTAPALAPA,7,  -99.0326514487,19.3592549794 
SANTA MARIA AZTAHUACAN (EJ) II,IZTAPALAPA,17,  -99.0329677228,19.3498463725 
STA MARTHA ACATITLA NTE (AMPL) I,IZTAPALAPA,12,  -99.0207006843,19.3799974196 
STA MARTHA ACATITLA NTE (AMPL) II,IZTAPALAPA,18,  -99.0128404767,19.3749862597 
TEPALCATES I,IZTAPALAPA,11,  -99.052574619,19.389919008 
TEPALCATES II,IZTAPALAPA,17,  -99.0566070353,19.3931769281 
VALLE DE SAN LORENZO I,IZTAPALAPA,18,  -99.0772569339,19.2975252584 
VALLE DE SAN LORENZO II,IZTAPALAPA,12,  -99.0785767559,19.3015002516 
XALPA II,IZTAPALAPA,10,  -99.0145517798,19.3437032645 
XALPA III,IZTAPALAPA,18,  -99.0179214223,19.3391120386 
JUAN ESCUTIA III,IZTAPALAPA,14,  -99.0324549665,19.3862594268 
SANTA BARBARA (BARR) II,IZTAPALAPA,6,  -99.1014768029,19.3657304982 
BARROS SIERRA,LA MAGDALENA CONTRERAS,12,  -99.2464670126,19.3167607173 
CAZULCO (BARR),LA MAGDALENA CONTRERAS,6,  -99.2570721564,19.2930570398 
CUAUHTEMOC,LA MAGDALENA CONTRERAS,21,  -99.243255303,19.3200700913 
EL GAVILLERO,LA MAGDALENA CONTRERAS,6,  -99.2554739881,19.2812605506 
EL OCOTAL,LA MAGDALENA CONTRERAS,27,  -99.2622348848,19.2990530115 
EL ROSAL,LA MAGDALENA CONTRERAS,13,  -99.250340772,19.3097152716 
EL TANQUE,LA MAGDALENA CONTRERAS,21,  -99.2510112527,19.325119803 
HEROES DE PADIERNA,LA MAGDALENA CONTRERAS,10,  -99.2244598454,19.3133186911 
LA CONCEPCION,LA MAGDALENA CONTRERAS,6,  -99.2348552712,19.3031779561 
LA CRUZ,LA MAGDALENA CONTRERAS,8,  -99.2344937399,19.3085863467 
LA MAGDALENA ATLITIC (PBLO),LA MAGDALENA CONTRERAS,8,  -99.2459457534,19.3020079658 
LA MALINCHE,LA MAGDALENA CONTRERAS,12,  -99.2414905552,19.3231776438 
LAS CRUCES,LA MAGDALENA CONTRERAS,28,  -99.2537493342,19.3203526607 
LOMAS DE SAN BERNABE,LA MAGDALENA CONTRERAS,18,  -99.2636899955,19.3122494789 
LOMAS DE SAN BERNABE (AMPL),LA MAGDALENA CONTRERAS,15,  -99.2701904302,19.3073287289 
LOMAS QUEBRADAS,LA MAGDALENA CONTRERAS,9,  -99.2406158624,19.3152774944 
LOS PADRES,LA MAGDALENA CONTRERAS,21,  -99.2484454036,19.3198377904 
PUEBLO NUEVO ALTO,LA MAGDALENA CONTRERAS,15,  -99.2531327647,19.3043527761 
PUEBLO NUEVO BAJO,LA MAGDALENA CONTRERAS,10,  -99.245343565,19.306936172 
SAN BERNABE OCOTEPEC (PBLO),LA MAGDALENA CONTRERAS,16,  -99.2575042019,19.314235069 
SAN FRANCISCO (BARR),LA MAGDALENA CONTRERAS,16,  -99.2366074713,19.3125851888 
SAN JERONIMO ACULCO - LIDICE (PBLO),LA MAGDALENA CONTRERAS,32,  -99.2251974775,19.3247418284 
SAN NICOLAS TOTOLAPAN,LA MAGDALENA CONTRERAS,12,  -99.2362662641,19.2991944889 
SAN NICOLAS TOTOLAPAN (PBLO),LA MAGDALENA CONTRERAS,15,  -99.2448441057,19.297057085 
VISTA HERMOSA,LA MAGDALENA CONTRERAS,8,  -99.2534158751,19.3127410831 
SAN ANTONIO TECOMITL (PBLO),MILPA ALTA,78,  -98.9930097011,19.2128732956 
SAN BARTOLOME XICOMULCO (PBLO),MILPA ALTA,13,  -99.0668927124,19.2059269917 
SAN LORENZO TLACOYUCAN (PBLO),MILPA ALTA,6,  -99.0307832925,19.1752495674 
SAN PABLO OZTOTEPEC (PBLO),MILPA ALTA,94,  -99.0724622966,19.1831039215 
SAN PEDRO ATOCPAN (PBLO),MILPA ALTA,24,  -99.0485933333,19.2055849843 
SAN SALVADOR CUAUHTENCO (PBLO),MILPA ALTA,50,  -99.0947381285,19.1918468052 
SANTA ANA TLACOTENCO (PBLO),MILPA ALTA,15,  -98.9994806507,19.1737211171 
VILLA MILPA ALTA (PBLO),MILPA ALTA,27,  -99.0235902837,19.1933533513 
ALFONSO XIII,ALVARO OBREGON,20,  -99.1953893317,19.376324246 
ALPES,ALVARO OBREGON,7,  -99.1939575985,19.3605023159 
BARRIO NORTE,ALVARO OBREGON,46,  -99.2073475179,19.378639232 
BELLA VISTA,ALVARO OBREGON,18,  -99.1935569504,19.3968471214 
CALZADA JALALPA,ALVARO OBREGON,7,  -99.2238651624,19.3816948036 
GARCIMARRERO,ALVARO OBREGON,8,  -99.2372253368,19.3651992506 
GARCIMARRERO NORTE,ALVARO OBREGON,6,  -99.2397165565,19.3681037568 
GOLONDRINAS,ALVARO OBREGON,8,  -99.2132912071,19.3785224117 
HERON PROAL,ALVARO OBREGON,7,  -99.2300822984,19.3580600774 
JALALPA,ALVARO OBREGON,6,  -99.2286470082,19.3791131621 
JALALPA EL GRANDE,ALVARO OBREGON,8,  -99.2428942099,19.3696391962 
JALALPA TEPITO,ALVARO OBREGON,7,  -99.2365782269,19.3758735843 
JARDINES DEL PEDREGAL,ALVARO OBREGON,15,  -99.2074193222,19.3197415813 
JOSE MARIA PINO SUAREZ,ALVARO OBREGON,8,  -99.1988209964,19.3961304545 
LA ANGOSTURA,ALVARO OBREGON,7,  -99.2324372423,19.3330055061 
LA CASCADA,ALVARO OBREGON,7,  -99.2023092562,19.3693392206 
LA JOYA,ALVARO OBREGON,7,  -99.2095397086,19.3847079384 
LA MARTINICA,ALVARO OBREGON,25,  -99.2211776357,19.3579603954 
LA MEXICANA,ALVARO OBREGON,9,  -99.2316289992,19.3820486313 
LAS AGUILAS,ALVARO OBREGON,8,  -99.2027058439,19.3605801994 
LAS AGUILAS (AMPL),ALVARO OBREGON,14,  -99.2135955314,19.351175309 
LAS CUEVITAS,ALVARO OBREGON,6,  -99.2257695407,19.3867872679 
LIBERALES DE 1857,ALVARO OBREGON,7,  -99.212576208,19.3935551206 
LOMAS DE BECERRA,ALVARO OBREGON,11,  -99.2170503248,19.3846223125 
LOMAS DE CAPULA,ALVARO OBREGON,14,  -99.2158427092,19.3796082277 
LOMAS DE CHAMONTOYA,ALVARO OBREGON,21,  -99.268434575,19.3170165912 
LOMAS DE LA ERA,ALVARO OBREGON,31,  -99.2626670718,19.3211369234 
LOMAS DE PUERTA GRANDE,ALVARO OBREGON,8,  -99.2298045123,19.3544654739 
MARIA G DE GARCIA RUIZ,ALVARO OBREGON,7,  -99.2116366432,19.3877237484 
MERCED GOMEZ,ALVARO OBREGON,26,  -99.2027877592,19.3648350491 
MOLINO DE ROSAS,ALVARO OBREGON,16,  -99.2007195658,19.3720650774 
OLIVAR DE LOS PADRES,ALVARO OBREGON,13,  -99.2305344478,19.3368485922 
PARAJE EL CABALLITO,ALVARO OBREGON,9,  -99.2732448612,19.3153569742 
PILOTO (ADOLFO LOPEZ MATEOS) (AMPL),ALVARO OBREGON,6,  -99.2268333253,19.3717933178 
PRESIDENTES,ALVARO OBREGON,6,  -99.2216785598,19.3783804243 
PROGRESO TIZAPAN,ALVARO OBREGON,20,  -99.2046659533,19.3398979151 
PUNTA DE CEHUAYO,ALVARO OBREGON,8,  -99.2411679808,19.3610735121 
REACOMODO EL CUERNITO,ALVARO OBREGON,7,  -99.207543001,19.3824628711 
SAN BARTOLO AMEYALCO (PBLO),ALVARO OBREGON,43,  -99.269901144,19.3303063838 
SAN CLEMENTE,ALVARO OBREGON,7,  -99.2262178725,19.3493092254 
SANTA FE,ALVARO OBREGON,14,  -99.2318957161,19.3892631023 
SANTA LUCIA,ALVARO OBREGON,10,  -99.2532861419,19.3577370816 
SANTA MARIA NONOALCO,ALVARO OBREGON,9,  -99.1930730511,19.3806980842 
SANTA ROSA XOCHIAC (PBLO),ALVARO OBREGON,12,  -99.2891880497,19.3251586908 
TETELPAN (PBLO),ALVARO OBREGON,9,  -99.2254307598,19.3421282914 
TIZAPAN_TIZAPAN SAN ANGEL,ALVARO OBREGON,17,  -99.2009090655,19.3368074004 
TLACOYAQUE (AMPL),ALVARO OBREGON,8,  -99.2687710311,19.3218375279 
TORRES DE POTRERO,ALVARO OBREGON,29,  -99.2489825107,19.3299977251 
BELEN DE LAS FLORES (U HAB),ALVARO OBREGON,6,  -99.2229820331,19.3854328902 
LOMAS DE PLATEROS (U HAB) II,ALVARO OBREGON,7,  -99.1959884765,19.3687818663 
OLIVAR DEL CONDE 1RA SECCION I,ALVARO OBREGON,24,  -99.2047502648,19.3751601613 
OLIVAR DEL CONDE 1RA SECCION II,ALVARO OBREGON,9,  -99.2099614766,19.3745995463 
OLIVAR DEL CONDE 2DA SECCION I,ALVARO OBREGON,9,  -99.2159720172,19.3723865694 
OLIVAR DEL CONDE 2DA SECCION II,ALVARO OBREGON,10,  -99.2205281841,19.3717615938 
AGRICOLA METROPOLITANA,TLAHUAC,14,  -99.0525423524,19.2908559361 
DEL MAR SUR,TLAHUAC,26,  -99.0610557699,19.2865593962 
JAIME TORRES BODET,TLAHUAC,17,  -98.9987550743,19.230429151 
LA DRAGA,TLAHUAC,12,  -99.0447195827,19.2803161526 
LA ESTACION,TLAHUAC,18,  -99.0419860286,19.3112429734 
LA HABANA,TLAHUAC,8,  -98.995854647,19.2678599221 
LA NOPALERA,TLAHUAC,9,  -99.0531172149,19.2980780163 
LAS ARBOLEDAS,TLAHUAC,12,  -99.0530244912,19.3080096465 
LOPEZ PORTILLO,TLAHUAC,11,  -99.0208497074,19.3090018876 
LOS OLIVOS,TLAHUAC,16,  -99.0585402645,19.3013132281 
MIGUEL HIDALGO,TLAHUAC,26,  -99.0480962354,19.2944132376 
MIGUEL HIDALGO OTE,TLAHUAC,24,  -99.0437386374,19.2915810102 
OJO DE AGUA,TLAHUAC,7,  -99.0128027696,19.2895376558 
PEA ALTA,TLAHUAC,7,  -99.0049066598,19.2324585779 
SAN ANDRES MIXQUIC (PBLO),TLAHUAC,29,  -98.9595605977,19.2223716426 
SAN FRANCISCO TLALTENCO (PBLO),TLAHUAC,49,  -99.0128562299,19.306581711 
SAN JOSE,TLAHUAC,9,  -98.985443234,19.2716370692 
SAN JUAN IXTAYOPAN (PBLO),TLAHUAC,22,  -98.9950184535,19.2453061016 
SAN MIGUEL ZAPOTITLA,TLAHUAC,21,  -99.0368153907,19.3106195548 
SAN NICOLAS TETELCO (PBLO),TLAHUAC,7,  -98.9757394396,19.217583488 
SAN PEDRO TLAHUAC (PBLO),TLAHUAC,46,  -99.0099630061,19.270261466 
SANTA CATARINA YECAHUIZOTL (PBLO),TLAHUAC,15,  -98.9733643634,19.3041139142 
SANTA CECILIA,TLAHUAC,9,  -99.006519451,19.2791694024 
SANTIAGO ZAPOTITLAN (PBLO),TLAHUAC,18,  -99.0307623408,19.3063225919 
SELENE (AMPL),TLAHUAC,14,  -98.9945845994,19.2869573194 
SELENE 1a SECC,TLAHUAC,29,  -99.0030293696,19.2923840939 
SELENE 2da SECC,TLAHUAC,20,  -99.0048288573,19.284969517 
VILLA CENTROAMERICANA (U HAB),TLAHUAC,10,  -99.0546397192,19.2834709085 
VILLAS DE LOS TRABAJADORES (GDF) (U HAB),TLAHUAC,12,  -99.0521197297,19.2807875173 
UNIDADES HABITACIONALES DE SANTA ANA PONIENTE I,TLAHUAC,11,  -99.0486782031,19.306275306 
LA CONCHITA I,TLAHUAC,11,  -99.0383908272,19.2864878255 
LA CONCHITA II,TLAHUAC,34,  -99.0323207737,19.2836289121 
UNIDADES HABITACIONALES DE SANTA ANA PONIENTE II,TLAHUAC,14,  -99.0440542325,19.3033216123 
AMPLIACION MIGUEL HIDALGO 2A SECC,TLALPAN,17,  -99.1978261289,19.2824813125 
AMPLIACION MIGUEL HIDALGO 3A SECC,TLALPAN,26,  -99.2067698443,19.2800027786 
AMSA,TLALPAN,6,  -99.1388689884,19.2850123087 
ARENAL GUADALUPE TLALPAN,TLALPAN,10,  -99.1462403923,19.286604232 
BOSQUES DEL PEDREGAL,TLALPAN,9,  -99.2391172024,19.2719675159 
CHIMILLI,TLALPAN,6,  -99.2192686138,19.2688365879 
CUCHILLA DE PADIERNA,TLALPAN,6,  -99.2183774811,19.2761961564 
CULTURA MAYA,TLALPAN,6,  -99.2230166175,19.2758863423 
EJIDOS DE SAN PEDRO MARTIR I (NORTE),TLALPAN,14,  -99.1569650754,19.2720937767 
EL ZACATON,TLALPAN,13,  -99.2427997424,19.2675801538 
ISIDRO FABELA I (PONIENTE),TLALPAN,13,  -99.179670252,19.3012456594 
JARDINES DE SAN JUAN,TLALPAN,9,  -99.1863727368,19.2115435456 
LA MAGDALENA PETLACALCO (PBLO),TLALPAN,23,  -99.1833497672,19.2345462054 
LA PRIMAVERA,TLALPAN,10,  -99.2029159289,19.267178457 
"MESA LOS HORNOS, TEXCALTENCO",TLALPAN,13,  -99.1844408992,19.2748311669 
MIGUEL HIDALGO,TLALPAN,39,  -99.1857504677,19.287727105 
PEDREGAL DE SN NICOLAS 1A SECC,TLALPAN,28,  -99.2357126671,19.2933723862 
PEDREGAL DE SN NICOLAS 2A SECC,TLALPAN,17,  -99.2352818832,19.2888117484 
PEDREGAL DE SN NICOLAS 3A SECC,TLALPAN,25,  -99.2364815215,19.2843089691 
PEDREGAL DE STA URSULA XITLA,TLALPAN,8,  -99.1780174378,19.2737448897 
POPULAR STA TERESA,TLALPAN,10,  -99.2239950398,19.3009292385 
SAN ANDRES TOTOLTEPEC (PBLO),TLALPAN,35,  -99.170959882,19.2480443192 
SN JUAN TEPEXIMILPA,TLALPAN,6,  -99.1904273874,19.272749946 
SAN LORENZO HUIPULCO,TLALPAN,15,  -99.1496338018,19.2953427125 
SAN MIGUEL  XICALCO (PBLO),TLALPAN,24,  -99.1633025232,19.2318227124 
SAN MIGUEL AJUSCO (PBLO),TLALPAN,26,  -99.196806531,19.2278384745 
SAN MIGUEL TOPILEJO (PBLO),TLALPAN,63,  -99.1579184481,19.1963273832 
SAN PEDRO MARTIR (PBLO),TLALPAN,18,  -99.1713317632,19.2657243691 
SANTA URSULA XITLA,TLALPAN,20,  -99.1786759609,19.2807278004 
SANTO TOMAS AJUSCO (PBLO),TLALPAN,27,  -99.217263973,19.2128922362 
TENORIOS INFONAVIT 1 Y 2 (U HAB),TLALPAN,10,  -99.1175309381,19.2968405485 
TEPETONGO,TLALPAN,10,  -99.1885141376,19.2709004805 
TLALCOLIGIA,TLALPAN,11,  -99.1709694646,19.2759761124 
TLALPAN CENTRO,TLALPAN,17,  -99.1704866369,19.2877936198 
VILLA COAPA (RDCIAL),TLALPAN,7,  -99.1189445396,19.2896524789 
HEROES DE PADIERNA I,TLALPAN,21,  -99.2240520364,19.2859029752 
HEROES DE PADIERNA II,TLALPAN,19,  -99.2200663547,19.2807474585 
LOMAS DE  PADIERNA I,TLALPAN,16,  -99.2274938335,19.2939402464 
LOMAS DE  PADIERNA II,TLALPAN,15,  -99.2184620277,19.2949575419 
PEDREGAL DE SN NICOLAS 4A SECC I,TLALPAN,10,  -99.2395881516,19.2775082687 
PEDREGAL DE SN NICOLAS 4A SECC II,TLALPAN,8,  -99.2333747185,19.2789547502 
BELISARIO DOMINGUEZ,TLALPAN,7,  -99.1555858169,19.2895041108 
EJIDOS DE SAN PEDRO MARTIR II (SUR),TLALPAN,19,  -99.1588720532,19.2674469272 
ISIDRO FABELA II (ORIENTE),TLALPAN,7,  -99.1704398822,19.3005508985 
LOMAS DE TEPEMECATL,TLALPAN,9,  -99.23201652,19.2379800806 
BARRIO 18,XOCHIMILCO,6,  -99.1115386352,19.2844417862 
CALTONGO (BARR),XOCHIMILCO,11,  -99.0866169525,19.2578760734 
CERRO GRANDE,XOCHIMILCO,16,  -99.1177698469,19.2389720375 
EL CARMEN,XOCHIMILCO,6,  -99.0303102988,19.2452198892 
GUADALUPE,XOCHIMILCO,7,  -99.1180871448,19.2137218593 
LA ASUNCION (BARR),XOCHIMILCO,10,  -99.0984661957,19.2716677106 
LA CONCHA,XOCHIMILCO,9,  -99.1161535094,19.252396051 
LA NORIA TEPEPAN,XOCHIMILCO,7,  -99.1283442665,19.266093494 
LA SANTISIMA (BARR),XOCHIMILCO,8,  -99.0906173608,19.2633179042 
LOS CERRILLOS II,XOCHIMILCO,9,  -99.0174003453,19.24386363 
NATIVITAS LA JOYA (AMPL),XOCHIMILCO,15,  -99.0893558006,19.2286757421 
OLIVAR SANTA MARIA,XOCHIMILCO,8,  -99.0091478001,19.2436124974 
POTRERO DE SAN BERNARDINO,XOCHIMILCO,6,  -99.1214824908,19.2696296345 
SAN ANDRES AHUAYUCAN (PBLO),XOCHIMILCO,30,  -99.1065992039,19.2172463589 
SAN FRANCISCO TLALNEPANTLA (PBLO),XOCHIMILCO,28,  -99.1172533403,19.1809191404 
SAN GREGORIO ATLAPULCO (PBLO),XOCHIMILCO,50,  -99.0545280376,19.2603636603 
SAN JOSE ZACATEPEC,XOCHIMILCO,8,  -99.1242117128,19.2391239509 
SAN LORENZO (BARR),XOCHIMILCO,6,  -99.0775263646,19.2718995946 
SAN LORENZO ATEMOAYA (PBLO),XOCHIMILCO,34,  -99.1007881266,19.2398267151 
SAN LUCAS XOCHIMANCA (PBLO),XOCHIMILCO,37,  -99.1113747474,19.2417732599 
SAN LUIS TLAXIALTEMALCO (PBLO),XOCHIMILCO,24,  -99.0362633243,19.2544188803 
SAN MARCOS (AMPL),XOCHIMILCO,20,  -99.0941599779,19.2878345489 
SAN MARCOS (BARR),XOCHIMILCO,20,  -99.1111586679,19.2631694092 
SAN MATEO XALPA (PBLO),XOCHIMILCO,21,  -99.1202999882,19.2309201778 
SAN PEDRO (BARR),XOCHIMILCO,7,  -99.1083580587,19.2568632116 
SANTA CECILIA TEPETLAPA (PBLO),XOCHIMILCO,29,  -99.0860833174,19.212485509 
SANTA CRUZ ACALPIXCA (PBLO),XOCHIMILCO,45,  -99.0748419028,19.2462934588 
SANTA CRUZ XOCHITEPEC (PBLO),XOCHIMILCO,24,  -99.1333048351,19.2549237647 
SANTA INES,XOCHIMILCO,8,  -99.1144230374,19.2339072969 
SANTA MARIA NATIVITAS (PBLO),XOCHIMILCO,46,  -99.0890549201,19.2435001879 
SANTA MARIA TEPEPAN (PBLO),XOCHIMILCO,13,  -99.1371811061,19.2727118856 
SANTIAGO TEPALCATLALPAN (PBLO),XOCHIMILCO,50,  -99.1283393001,19.2445647226 
SANTIAGO TULYEHUALCO (PBLO),XOCHIMILCO,18,  -99.0143000988,19.2560114785 
TECACALANCO,XOCHIMILCO,6,  -99.0636551503,19.2405267197 
TEPEPAN (AMPL),XOCHIMILCO,12,  -99.1336360059,19.2633712219 
TIERRA NUEVA,XOCHIMILCO,9,  -99.1193448586,19.2659808577 
XALTOCAN (BARR),XOCHIMILCO,30,  -99.1005431185,19.2528342142 
XICALHUACAN,XOCHIMILCO,6,  -99.0808150209,19.2535524342 
SAN LORENZO LA CEBADA I,XOCHIMILCO,16,  -99.1191010693,19.2850702639 
SAN LORENZO LA CEBADA II,XOCHIMILCO,10,  -99.1205933391,19.2795191326 
ACTIPAN,BENITO JUAREZ,6,  -99.1781670524,19.3698819161 
AMERICAS UNIDAS-DEL LAGO,BENITO JUAREZ,7,  -99.1416770553,19.3818546447 
INDEPENDENCIA,BENITO JUAREZ,6,  -99.1480954964,19.3797733751 
MIXCOAC,BENITO JUAREZ,7,  -99.1900032071,19.372884049 
MODERNA,BENITO JUAREZ,14,  -99.1346460986,19.395254545 
NATIVITAS,BENITO JUAREZ,15,  -99.1372833875,19.3816589097 
NONOALCO,BENITO JUAREZ,11,  -99.1882334724,19.3817607921 
PIEDAD NARVARTE,BENITO JUAREZ,7,  -99.1562339153,19.4027049534 
PORTALES ORIENTE,BENITO JUAREZ,9,  -99.1402087162,19.365916354 
SAN PEDRO DE LOS  PINOS,BENITO JUAREZ,13,  -99.1847606139,19.3904318465 
STA CRUZ ATOYAC,BENITO JUAREZ,6,  -99.1607619028,19.3681589306 
VERTIZ NARVARTE,BENITO JUAREZ,7,  -99.153686751,19.3819977642 
ALAMOS I,BENITO JUAREZ,16,  -99.1409292016,19.4004298498 
ALAMOS II,BENITO JUAREZ,18,  -99.1422306031,19.3949010858 
DEL VALLE I,BENITO JUAREZ,6,  -99.1653619352,19.3979204525 
DEL VALLE II,BENITO JUAREZ,11,  -99.1669318787,19.3923963454 
DEL VALLE V,BENITO JUAREZ,6,  -99.1688277207,19.3758998445 
NARVARTE I,BENITO JUAREZ,9,  -99.1525120257,19.4001905635 
NARVARTE V,BENITO JUAREZ,9,  -99.1571597677,19.3860505701 
NARVARTE VI,BENITO JUAREZ,6,  -99.1503848461,19.3868932017 
PORTALES II,BENITO JUAREZ,12,  -99.1488177919,19.3671996695 
PORTALES III,BENITO JUAREZ,10,  -99.1488866713,19.3632112784 
PORTALES IV,BENITO JUAREZ,11,  -99.1487837012,19.3592721985 
ALGARIN,CUAUHTEMOC,6,  -99.1402683369,19.4055862513 
ASTURIAS,CUAUHTEMOC,8,  -99.1312401576,19.4046308544 
ASTURIAS (AMPL),CUAUHTEMOC,7,  -99.1310629695,19.4071962945 
ATLAMPA,CUAUHTEMOC,10,  -99.1563686743,19.4586445841 
BUENOS AIRES,CUAUHTEMOC,9,  -99.1446313482,19.4071966156 
CUAUHTEMOC,CUAUHTEMOC,11,  -99.1686722574,19.4299776806 
ESPERANZA,CUAUHTEMOC,7,  -99.1282884556,19.4204440063 
EX HIPODROMO DE PERALVILLO,CUAUHTEMOC,18,  -99.1347779305,19.4566624075 
JUAREZ,CUAUHTEMOC,20,  -99.1616054122,19.4270038256 
PAULINO NAVARRO,CUAUHTEMOC,14,  -99.1299500041,19.4117075418 
SAN SIMON TOLNAHUAC,CUAUHTEMOC,15,  -99.1431802383,19.4595317038 
TABACALERA,CUAUHTEMOC,9,  -99.1539492806,19.4357759781 
TRANSITO,CUAUHTEMOC,14,  -99.1315091546,19.4178611105 
VALLE GOMEZ,CUAUHTEMOC,11,  -99.1250261379,19.4588759476 
VISTA ALEGRE,CUAUHTEMOC,6,  -99.1328548616,19.4101695171 
BUENAVISTA I,CUAUHTEMOC,20,  -99.1495963852,19.4496135645 
BUENAVISTA II,CUAUHTEMOC,20,  -99.1513520907,19.4421892858 
CENTRO I,CUAUHTEMOC,10,  -99.1325129751,19.441997265 
CENTRO II,CUAUHTEMOC,15,  -99.1285178964,19.4398500953 
CENTRO III,CUAUHTEMOC,7,  -99.1284523074,19.4367707124 
CENTRO IV,CUAUHTEMOC,27,  -99.1360300552,19.4336362466 
CENTRO VI,CUAUHTEMOC,32,  -99.1346482655,19.4247184898 
CENTRO VII,CUAUHTEMOC,8,  -99.1281413675,19.4302248036 
CENTRO VIII,CUAUHTEMOC,23,  -99.1463947881,19.4315052317 
DOCTORES I,CUAUHTEMOC,19,  -99.1472917929,19.4239554155 
DOCTORES II,CUAUHTEMOC,12,  -99.1508495556,19.4198737194 
DOCTORES III,CUAUHTEMOC,11,  -99.1458095732,19.4164724858 
DOCTORES IV,CUAUHTEMOC,12,  -99.1518458397,19.4119151507 
DOCTORES V,CUAUHTEMOC,8,  -99.1467901424,19.4103772864 
GUERRERO I,CUAUHTEMOC,19,  -99.1437494279,19.4490761845 
GUERRERO II,CUAUHTEMOC,14,  -99.1395504054,19.4470270735 
GUERRERO III,CUAUHTEMOC,24,  -99.1460093369,19.4421924076 
GUERRERO IV,CUAUHTEMOC,16,  -99.1422140732,19.4404218952 
MORELOS I,CUAUHTEMOC,8,  -99.1302832655,19.4499366664 
MORELOS III,CUAUHTEMOC,14,  -99.1333320245,19.4453774475 
NONOALCO-TLATELOLCO (U HAB) I,CUAUHTEMOC,7,  -99.1480851254,19.4549126344 
NONOALCO-TLATELOLCO (U HAB) II,CUAUHTEMOC,17,  -99.1417694775,19.4533147946 
NONOALCO-TLATELOLCO (U HAB) III,CUAUHTEMOC,7,  -99.1353568265,19.451696421 
OBRERA I,CUAUHTEMOC,24,  -99.1387615628,19.4195042636 
OBRERA II,CUAUHTEMOC,15,  -99.1392780039,19.4151731171 
OBRERA III,CUAUHTEMOC,34,  -99.1417666594,19.4107565162 
OBRERA IV,CUAUHTEMOC,21,  -99.1380145408,19.4104067222 
PERALVILLO I,CUAUHTEMOC,15,  -99.1374326001,19.4627292503 
PERALVILLO II,CUAUHTEMOC,10,  -99.1306529543,19.4607093703 
ROMA NORTE II,CUAUHTEMOC,17,  -99.1588454263,19.421384627 
ROMA NORTE III,CUAUHTEMOC,12,  -99.1600548176,19.4147537971 
ROMA SUR I,CUAUHTEMOC,12,  -99.1613175937,19.4088498024 
ROMA SUR II,CUAUHTEMOC,7,  -99.1633006972,19.4040153783 
SAN RAFAEL I,CUAUHTEMOC,16,  -99.1594601774,19.4371086313 
SAN RAFAEL II,CUAUHTEMOC,15,  -99.1646939016,19.4385711071 
SANTA MARIA LA RIBERA I,CUAUHTEMOC,27,  -99.1581421108,19.4529587649 
SANTA MARIA LA RIBERA II,CUAUHTEMOC,25,  -99.1585070117,19.4492196589 
SANTA MARIA LA RIBERA IV,CUAUHTEMOC,28,  -99.1594591836,19.4444233884 
AGRICULTURA,MIGUEL HIDALGO,24,  -99.1655203747,19.4504774082 
AHUEHUETES ANAHUAC,MIGUEL HIDALGO,9,  -99.1893986751,19.449420191 
AMERICA,MIGUEL HIDALGO,16,  -99.2025090181,19.4038373239 
ANAHUAC LOS MANZANOS,MIGUEL HIDALGO,11,  -99.1844556553,19.4458752755 
ANAHUAC MARIANO ESCOBEDO,MIGUEL HIDALGO,10,  -99.1811347139,19.4448273269 
ANAHUAC PERALITOS,MIGUEL HIDALGO,10,  -99.1866904533,19.4489699 
ARGENTINA ANTIGUA,MIGUEL HIDALGO,12,  -99.2070212923,19.4555189573 
CHAPULTEPEC MORALES (POLANCO),MIGUEL HIDALGO,6,  -99.1866020156,19.4343532798 
DANIEL GARZA,MIGUEL HIDALGO,9,  -99.1990350528,19.4051032197 
DANIEL GARZA (AMPL),MIGUEL HIDALGO,12,  -99.1938392453,19.4092184712 
DEPORTIVA PENSIL,MIGUEL HIDALGO,7,  -99.2076572678,19.450721994 
GRANADA,MIGUEL HIDALGO,8,  -99.1931329781,19.4399132456 
PALMITAS (POLANCO),MIGUEL HIDALGO,6,  -99.2048424103,19.4309018729 
PENSIL NORTE,MIGUEL HIDALGO,19,  -99.1968900454,19.4503013459 
PENSIL SAN JUANICO,MIGUEL HIDALGO,9,  -99.1894451373,19.4517392796 
POPO,MIGUEL HIDALGO,6,  -99.1998754924,19.4457823588 
REFORMA PENSIL,MIGUEL HIDALGO,9,  -99.192927882,19.4491321118 
SAN DIEGO OCOYOACAC,MIGUEL HIDALGO,11,  -99.1968055621,19.4677595999 
SAN JOAQUIN,MIGUEL HIDALGO,11,  -99.2082384537,19.4538864184 
TACUBA,MIGUEL HIDALGO,14,  -99.1870918714,19.4563586061 
TACUBAYA,MIGUEL HIDALGO,15,  -99.1878812024,19.4006032464 
TLAXPANA,MIGUEL HIDALGO,23,  -99.1692564509,19.4406504483 
TORRE BLANCA,MIGUEL HIDALGO,15,  -99.1951872404,19.4574907732 
VENTURA PEREZ DE ALBA,MIGUEL HIDALGO,6,  -99.195727852,19.4532592779 
ANAHUAC I,MIGUEL HIDALGO,29,  -99.1756475978,19.4471950354 
ANAHUAC II,MIGUEL HIDALGO,28,  -99.177507046,19.4412164017 
ESCANDON I,MIGUEL HIDALGO,9,  -99.1781712497,19.4040332209 
ESCANDON II,MIGUEL HIDALGO,14,  -99.1795639374,19.3999943604 
POPOTLA I,MIGUEL HIDALGO,7,  -99.1779019651,19.4568249082 
POPOTLA II,MIGUEL HIDALGO,24,  -99.1794381102,19.4525968974 
SAN MIGUEL CHAPULTEPEC I,MIGUEL HIDALGO,16,  -99.1904160058,19.4148567446 
SAN MIGUEL CHAPULTEPEC II,MIGUEL HIDALGO,9,  -99.1837523189,19.4119025025 
ADOLFO LOPEZ MATEOS,VENUSTIANO CARRANZA,18,  -99.0721839543,19.4200520013 
AERONAUTICA MILITAR,VENUSTIANO CARRANZA,6,  -99.1157518113,19.4208650922 
AQUILES SERDAN,VENUSTIANO CARRANZA,18,  -99.0916813571,19.4470813778 
ARTES GRAFICAS,VENUSTIANO CARRANZA,9,  -99.1258705526,19.4113463978 
AVIACION CIVIL,VENUSTIANO CARRANZA,8,  -99.0796617119,19.4151260367 
AZTECA,VENUSTIANO CARRANZA,6,  -99.1079557082,19.4384228454 
CARACOL,VENUSTIANO CARRANZA,13,  -99.0696022156,19.4262225574 
CUCHILLA PANTITLAN,VENUSTIANO CARRANZA,14,  -99.0636202555,19.4220541673 
EL ARENAL 1A SECCION,VENUSTIANO CARRANZA,18,  -99.0633202592,19.4250609099 
EL ARENAL 3A SECCION,VENUSTIANO CARRANZA,6,  -99.0565176271,19.4253285415 
EL ARENAL 4A SECCION,VENUSTIANO CARRANZA,22,  -99.0573267383,19.4293912667 
EL ARENAL PTO AEREO (FRACC),VENUSTIANO CARRANZA,7,  -99.0608757738,19.4286918638 
EL PARQUE,VENUSTIANO CARRANZA,8,  -99.1178022279,19.423313211 
EMILIO CARRANZA,VENUSTIANO CARRANZA,13,  -99.1206942134,19.4493647246 
FEDERAL,VENUSTIANO CARRANZA,17,  -99.0888215221,19.4202837411 
FELIPE ANGELES,VENUSTIANO CARRANZA,10,  -99.1122459477,19.4526551282 
KENNEDY (U HAB),VENUSTIANO CARRANZA,7,  -99.1114162463,19.4197656963 
LORENZO BOTURINI,VENUSTIANO CARRANZA,10,  -99.124800073,19.4159216512 
MAGDALENA  MIXHUCA,VENUSTIANO CARRANZA,7,  -99.1181313602,19.407130147 
MAGDALENA  MIXHUCA (PBLO),VENUSTIANO CARRANZA,6,  -99.1162522721,19.4101920673 
MERCED BALBUENA,VENUSTIANO CARRANZA,10,  -99.1237598471,19.4203027064 
MOCTEZUMA 1A SECCION,VENUSTIANO CARRANZA,13,  -99.1060130959,19.4281544125 
PENITENCIARIA (AMPL),VENUSTIANO CARRANZA,13,  -99.1162092822,19.4364891872 
PEON DE LOS BAOS,VENUSTIANO CARRANZA,6,  -99.0706198005,19.4355893717 
POPULAR RASTRO,VENUSTIANO CARRANZA,9,  -99.1187422961,19.4528213358 
PRIMERO DE MAYO,VENUSTIANO CARRANZA,6,  -99.1015708187,19.4455700694 
PUEBLA,VENUSTIANO CARRANZA,8,  -99.0822714288,19.4093895139 
ROMERO RUBIO,VENUSTIANO CARRANZA,17,  -99.0970501609,19.442250268 
VALLE GOMEZ,VENUSTIANO CARRANZA,7,  -99.1190095588,19.4568685341 
VENUSTIANO CARRANZA,VENUSTIANO CARRANZA,6,  -99.1114120377,19.43921016 
VIADUCTO  - BALBUENA )CONJ HAB),VENUSTIANO CARRANZA,11,  -99.1098281363,19.4073493198 
10 DE MAYO,VENUSTIANO CARRANZA,7,  -99.1179899304,19.4335166035 
20 DE NOVIEMBRE,VENUSTIANO CARRANZA,10,  -99.1089960692,19.4442684985 
5TO TRAMO DE 20 DE NOVIEMBRE,VENUSTIANO CARRANZA,12,  -99.1076722783,19.449885185 
CENTRO I,VENUSTIANO CARRANZA,12,  -99.1223758498,19.4328219759 
IGNACIO ZARAGOZA I,VENUSTIANO CARRANZA,6,  -99.0946992338,19.4131119713 
JARDIN BALBUENA I,VENUSTIANO CARRANZA,16,  -99.1053538347,19.4215844077 
JARDIN BALBUENA III,VENUSTIANO CARRANZA,10,  -99.1049634006,19.4130018736 
MOCTEZUMA 2A SECCION I,VENUSTIANO CARRANZA,7,  -99.0937850965,19.4368906727 
MOCTEZUMA 2A SECCION II,VENUSTIANO CARRANZA,17,  -99.0942563288,19.431452146 
MOCTEZUMA 2A SECCION III,VENUSTIANO CARRANZA,14,  -99.102651431,19.4327619445 
MOCTEZUMA 2A SECCION IV,VENUSTIANO CARRANZA,18,  -99.0977018033,19.4265219668 
MORELOS I,VENUSTIANO CARRANZA,15,  -99.1230601603,19.4448284354 
MORELOS II,VENUSTIANO CARRANZA,30,  -99.1183549378,19.4415560237 
PENSADOR MEXICANO II,VENUSTIANO CARRANZA,16,  -99.0885066854,19.4417920512 
